<?xml version="1.0" encoding="UTF-8"?>
<faceted-project>
  <runtime name="Payara Server 5 (5.2021.1) (2)"/>
  <fixed facet="jst.web"/>
  <fixed facet="wst.jsdt.web"/>
  <fixed facet="java"/>
  <installed facet="glassfish.web" version="4.0"/>
  <installed facet="wst.jsdt.web" version="1.0"/>
  <installed facet="jst.jaxrs" version="2.0"/>
  <installed facet="jst.jsf" version="2.2"/>
  <installed facet="jst.web" version="3.1"/>
  <installed facet="java" version="1.8"/>
</faceted-project>
