<?xml version="1.0" encoding="UTF-8"?>
<project xmlns="http://maven.apache.org/POM/4.0.0" xmlns:xsi="http://www.w3.org/2001/XMLSchema-instance" xsi:schemaLocation="http://maven.apache.org/POM/4.0.0 http://maven.apache.org/maven-v4_0_0.xsd">
  <modelVersion>4.0.0</modelVersion>
  <groupId>edu.stevens.cs594</groupId>
  <artifactId>CertManager</artifactId>
  <version>1.0.0</version>
  <build>
    <resources>
      <resource>
        <filtering>true</filtering>
        <directory>src/main/resources</directory>
      </resource>
    </resources>
    <plugins>
      <plugin>
        <artifactId>maven-compiler-plugin</artifactId>
        <version>3.8.0</version>
        <configuration>
          <source>1.8</source>
          <target>1.8</target>
        </configuration>
      </plugin>
      <plugin>
        <artifactId>maven-shade-plugin</artifactId>
        <version>2.3</version>
        <executions>
          <execution>
            <phase>package</phase>
            <goals>
              <goal>shade</goal>
            </goals>
            <configuration>
              <transformers>
                <transformer>
                  <manifestEntries>
                    <Main-Class>${cm.main}</Main-Class>
                    <Build-Number>1</Build-Number>
                  </manifestEntries>
                </transformer>
                <transformer />
              </transformers>
              <filters>
                <filter>
                  <artifact>*:*</artifact>
                  <excludes>
                    <exclude>META-INF/*.SF</exclude>
                    <exclude>META-INF/*.DSA</exclude>
                    <exclude>META-INF/*.RSA</exclude>
                  </excludes>
                </filter>
              </filters>
              <minimizeJar>false</minimizeJar>
            </configuration>
          </execution>
        </executions>
      </plugin>
      <plugin>
        <artifactId>maven-antrun-plugin</artifactId>
        <executions>
          <execution>
            <phase>package</phase>
            <goals>
              <goal>run</goal>
            </goals>
            <configuration>
              <tasks>
                <delete />
                <copy />
              </tasks>
            </configuration>
          </execution>
        </executions>
      </plugin>
    </plugins>
  </build>
  <properties>
    <project.build.sourceEncoding>UTF-8</project.build.sourceEncoding>
    <cm.main>edu.stevens.cs594.certgen.App</cm.main>
    <cm.dist>${user.home}/cs594</cm.dist>
    <cm.name>certmanager</cm.name>
  </properties>
</project>

