<?xml version="1.0" encoding="UTF-8"?>
<!DOCTYPE glassfish-web-app PUBLIC "-//GlassFish.org//DTD GlassFish Application Server 3.1 Servlet 3.0//EN" "http://glassfish.org/dtds/glassfish-web-app_3_0-1.dtd">
<payara-web-app error-url="">

	<!-- Map roles to GF groups (Database associates users with groups, not roles). -->

	<security-role-mapping>
		<role-name>admin</role-name>
		<group-name>admin</group-name>
		<principal-name>admin</principal-name>
	</security-role-mapping>
	
	<security-role-mapping>
		<role-name>moderator</role-name>
		<group-name>moderator</group-name>
	</security-role-mapping>
	
	<security-role-mapping>
		<role-name>poster</role-name>
		<group-name>poster</group-name>
	</security-role-mapping>

	<class-loader delegate="true" />
	<parameter-encoding default-charset="UTF-8" />
	
</payara-web-app>
